sample_id,species,genotype_class,check,genotype,tissue,date,plate_pos,plate,batch,run,experimental_group,row,column
PN1_SID1,Zea_mays,ril,no,LANPT16B069,leaf,Sep082026,A01,1,1,1,1,C,8
PN1_SID2,Zea_mays,ril,no,LANPT16B326,leaf,Sep082026,A02,1,1,1,1,B,17
PN1_SID3,Zea_mays,b73,yes,B73_05,leaf,Sep082026,A03,1,1,1,1,F,5
PN1_SID4,Zea_mays,b73,yes,B73_11,leaf,Sep082026,A04,1,1,1,1,D,16
PN1_SID5,Zea_mays,ril,no,LANPT16B222,leaf,Sep082026,A05,1,1,1,1,A,17
PN1_SID6,Zea_mays,b73,yes,B73_01,leaf,Sep082026,A06,1,1,1,1,A,3
PN1_SID7,Zea_mays,ril,no,LANPT16B317,leaf,Sep082026,A07,1,1,1,1,C,5
PN1_SID8,Zea_mays,ril,no,LANPT16B100,leaf,Sep082026,A08,1,1,1,1,C,17
PN1_SID9,Zea_mays,ril,no,LANPT16B331,leaf,Sep082026,A09,1,1,1,1,C,15
PN1_SID10,Zea_mays,ril,no,LANPT16B213,leaf,Sep082026,A10,1,1,1,1,A,8
PN1_SID11,Zea_mays,ril,no,LANPT16B348,leaf,Sep082026,A11,1,1,1,1,F,10
PN1_SID12,Zea_mays,ril,no,LANPT16B131,leaf,Sep082026,A12,1,1,1,1,D,15
PN1_SID13,Zea_mays,ril,no,LANPT16B010,leaf,Sep082026,B01,1,1,1,1,C,6
PN1_SID14,Zea_mays,ril,no,LANPT16B216,leaf,Sep082026,B02,1,1,1,1,B,12
PN1_SID15,Zea_mays,ril,no,LANPT16B355,leaf,Sep082026,B03,1,1,1,1,B,2
PN1_SID16,Zea_mays,ril,no,LANPT16B214,leaf,Sep082026,B04,1,1,3,2,D,2
PN1_SID17,Zea_mays,ril,no,LANPT16B354,leaf,Sep082026,B05,1,1,1,1,D,6
PN1_SID18,Zea_mays,ril,no,LANPT16B211,leaf,Sep082026,B06,1,1,1,1,E,15
PN1_SID19,Zea_mays,ril,no,LANPT16B323,leaf,Sep082026,B07,1,1,1,1,B,5
PN1_SID20,Zea_mays,ril,no,LANPT16B347,leaf,Sep082026,B08,1,1,1,1,C,1
PN1_SID21,Zea_mays,ril,no,LANPT16B021,leaf,Sep082026,B09,1,1,1,1,B,8
PN1_SID22,Zea_mays,ril,no,LANPT16B360,leaf,Sep082026,B10,1,1,1,1,B,3
PN1_SID23,Zea_mays,ril,no,LANPT16B223,leaf,Sep082026,B11,1,1,1,1,B,7
PN1_SID24,Zea_mays,nil,no,LANPT16BNIL092DH,leaf,Sep082026,B12,1,1,1,1,B,16
PN1_SID25,Zea_mays,nil,no,LANPT16BNIL084DH,leaf,Sep082026,C01,1,1,1,1,B,15
PN1_SID26,Zea_mays,ril,no,LANPT16B350,leaf,Sep082026,C02,1,1,1,1,E,1
PN1_SID27,Zea_mays,ril,no,LANPT16B171,leaf,Sep082026,C03,1,1,1,1,E,14
PN1_SID28,Zea_mays,nil,no,LANPT16BNIL090DH,leaf,Sep082026,C04,1,1,1,1,C,7
PN1_SID29,Zea_mays,ril,no,LANPT16B200,leaf,Sep082026,C05,1,1,1,1,A,15
PN1_SID30,Zea_mays,ril,no,LANPT16B236,leaf,Sep082026,C06,1,1,1,1,B,4
PN1_SID31,Zea_mays,ril,no,LANPT16B371,leaf,Sep082026,C07,1,1,1,1,E,8
PN1_SID32,Zea_mays,ril,no,LANPT16B060,leaf,Sep082026,C08,1,1,1,1,F,2
PN1_SID33,Zea_mays,ril,no,LANPT16B319,leaf,Sep082026,C09,1,1,1,1,D,12
PN1_SID34,Zea_mays,ril,no,LANPT16B160,leaf,Sep082026,C10,1,1,1,1,A,13
PN1_SID35,Zea_mays,ril,no,LANPT16B334,leaf,Sep082026,C11,1,1,1,1,B,13
PN1_SID36,Zea_mays,nil,no,LANPT16BNIL0100DH,leaf,Sep082026,C12,1,1,1,1,E,5
PN1_SID37,Zea_mays,ril,no,LANPT16B027,leaf,Sep082026,D01,1,1,1,1,A,7
PN1_SID38,Zea_mays,ril,no,LANPT16B149,leaf,Sep082026,D02,1,1,3,2,B,9
PN1_SID39,Zea_mays,ril,no,LANPT16B202,leaf,Sep082026,D03,1,1,1,1,F,6
PN1_SID40,Zea_mays,ril,no,LANPT16B292,leaf,Sep082026,D04,1,1,1,1,D,7
PN1_SID41,Zea_mays,ril,no,LANPT16B138,leaf,Sep082026,D05,1,1,1,1,E,4
PN1_SID42,Zea_mays,nil,no,LANPT16BNIL065DH,leaf,Sep082026,D06,1,1,1,1,D,4
PN1_SID43,Zea_mays,ril,no,LANPT16B253,leaf,Sep082026,D07,1,1,1,1,C,3
PN1_SID44,Zea_mays,ril,no,LANPT16B305,leaf,Sep082026,D08,1,1,1,1,F,14
PN1_SID45,Zea_mays,b73,yes,B73_09,leaf,Sep082026,D09,1,1,1,1,E,7
PN1_SID46,Zea_mays,ril,no,LANPT16B011,leaf,Sep082026,D10,1,1,1,1,A,12
PN1_SID47,Zea_mays,ril,no,LANPT16B299,leaf,Sep082026,D11,1,1,1,1,E,6
PN1_SID48,Zea_mays,ril,no,LANPT16B058,leaf,Sep082026,D12,1,1,1,1,D,8
PN1_SID49,Zea_mays,ril,no,LANPT16B114,leaf,Sep082026,E01,1,1,1,1,F,11
PN1_SID50,Zea_mays,nil,no,LANPT16BNIL043,leaf,Sep082026,E02,1,1,1,1,B,10
PN1_SID51,Zea_mays,b73,yes,B73_10,leaf,Sep082026,E03,1,1,1,1,F,9
PN1_SID52,Zea_mays,nil,no,LANPT16BNIL015,leaf,Sep082026,E04,1,1,1,1,D,13
PN1_SID53,Zea_mays,ril,no,LANPT16B254,leaf,Sep082026,E05,1,1,1,1,E,12
PN1_SID54,Zea_mays,ril,no,LANPT16B330,leaf,Sep082026,E06,1,1,1,1,E,13
PN1_SID55,Zea_mays,ril,no,LANPT16B210,leaf,Sep082026,E07,1,1,1,1,F,1
PN1_SID56,Zea_mays,ril,no,LANPT16B232,leaf,Sep082026,E08,1,1,1,1,E,9
PN1_SID57,Zea_mays,nil,no,LANPT16BNIL077DH,leaf,Sep082026,E09,1,1,1,1,B,9
PN1_SID58,Zea_mays,ril,no,LANPT16B326,leaf,Sep082026,E10,1,1,1,1,E,16
PN1_SID59,Zea_mays,ril,no,LANPT16B371,leaf,Sep082026,E11,1,1,1,1,A,2
PN1_SID60,Zea_mays,ril,no,LANPT16B090,leaf,Sep082026,E12,1,1,1,1,E,17
PN1_SID61,Zea_mays,b73,yes,B73_03,leaf,Sep082026,F01,1,1,1,1,E,3
PN1_SID62,Zea_mays,ril,no,LANPT16B303,leaf,Sep082026,F02,1,1,1,1,C,11
PN1_SID63,Zea_mays,ril,no,LANPT16B170,leaf,Sep082026,F03,1,1,1,1,C,13
PN1_SID64,Zea_mays,ril,no,LANPT16B070,leaf,Sep082026,F04,1,1,1,1,D,2
PN1_SID65,Zea_mays,nil,no,LANPT16BNIL088DH,leaf,Sep082026,F05,1,1,1,1,D,10
PN1_SID66,Zea_mays,ril,no,LANPT16B085,leaf,Sep082026,F06,1,1,1,1,A,6
PN1_SID67,Zea_mays,nil,no,LANPT16BNIL079DH,leaf,Sep082026,F07,1,1,1,1,F,16
PN1_SID68,Zea_mays,nil,no,LANPT16BNIL034,leaf,Sep082026,F08,1,1,1,1,C,2
PN1_SID69,Zea_mays,ril,no,LANPT16B201,leaf,Sep082026,F09,1,1,1,1,F,15
PN1_SID70,Zea_mays,nil,no,LANPT16BNIL024,leaf,Sep082026,F10,1,1,1,1,D,9
PN1_SID71,Zea_mays,ril,no,LANPT16B132,leaf,Sep082026,F11,1,1,1,1,A,16
PN1_SID72,Zea_mays,b73,yes,B73_07,leaf,Sep082026,F12,1,1,1,1,C,9
PN1_SID73,Zea_mays,ril,no,LANPT16B198,leaf,Sep082026,G01,1,1,1,1,B,14
PN1_SID74,Zea_mays,ril,no,LANPT16B296,leaf,Sep082026,G02,1,1,1,1,F,7
PN1_SID75,Zea_mays,ril,no,LANPT16B256,leaf,Sep082026,G03,1,1,1,1,D,11
PN1_SID76,Zea_mays,b73,yes,B73_08,leaf,Sep082026,G04,1,1,1,1,A,10
PN1_SID77,Zea_mays,ril,no,LANPT16B305,leaf,Sep082026,G05,1,1,1,1,B,11
PN1_SID78,Zea_mays,ril,no,LANPT16B243,leaf,Sep082026,G06,1,1,1,1,A,14
PN1_SID79,Zea_mays,ril,no,LANPT16B199,leaf,Sep082026,G07,1,1,1,1,D,1
PN1_SID80,Zea_mays,ril,no,LANPT16B289,leaf,Sep082026,G08,1,1,1,1,C,16
PN1_SID81,Zea_mays,ril,no,LANPT16B064,leaf,Sep082026,G09,1,1,1,1,F,3
PN1_SID82,Zea_mays,ril,no,LANPT16B148,leaf,Sep082026,G10,1,1,1,1,F,12
PN1_SID83,Zea_mays,ril,no,LANPT16B181,leaf,Sep082026,G11,1,1,1,1,A,11
PN1_SID84,Zea_mays,ril,no,LANPT16B137,leaf,Sep082026,G12,1,1,1,1,C,14
PN1_SID85,Zea_mays,ril,no,LANPT16B253,leaf,Sep082026,H01,1,1,1,1,C,10
PN1_SID86,Zea_mays,ril,no,LANPT16B023,leaf,Sep082026,H02,1,1,2,2,H,6
PN1_SID87,Zea_mays,ril,no,LANPT16B026,leaf,Sep082026,H03,1,1,1,1,E,11
PN1_SID88,Zea_mays,ril,no,LANPT16B322,leaf,Sep082026,H04,1,1,1,1,A,4
PN1_SID89,Zea_mays,ril,no,LANPT16B360,leaf,Sep082026,H05,1,1,1,1,A,9
PN1_SID90,Zea_mays,ril,no,LANPT16B063,leaf,Sep082026,H06,1,1,1,1,B,1
PN1_SID91,Zea_mays,ril,no,LANPT16B209,leaf,Sep082026,H07,1,1,1,1,D,14
PN1_SID92,Zea_mays,b73,yes,B73_04,leaf,Sep082026,H08,1,1,1,1,F,4
PN1_SID93,Zea_mays,ril,no,LANPT16B348,leaf,Sep082026,H09,1,1,1,1,B,6
PN1_SID94,Zea_mays,ril,no,LANPT16B331,leaf,Sep082026,H10,1,1,1,1,F,8
PN1_SID95,Zea_mays,ril,no,LANPT16B347,leaf,Sep082026,H11,1,1,1,1,E,10
PN1_SID96,Zea_mays,ril,no,LANPT16B146,leaf,Sep082026,H12,1,1,1,1,F,13
PN2_SID97,Zea_mays,nil,no,LANPT16BNIL031,leaf,Sep082026,A01,2,1,2,1,B,7
PN2_SID98,Zea_mays,ril,no,LANPT16B220,leaf,Sep082026,A02,2,1,2,1,B,4
PN2_SID99,Zea_mays,ril,no,LANPT16B188,leaf,Sep082026,A03,2,1,1,1,G,15
PN2_SID100,Zea_mays,ril,no,LANPT16B332,leaf,Sep082026,A04,2,1,2,1,C,17
PN2_SID101,Zea_mays,ril,no,LANPT16B217,leaf,Sep082026,A05,2,1,1,2,F,14
PN2_SID102,Zea_mays,ril,no,LANPT16B139,leaf,Sep082026,A06,2,1,2,1,C,5
PN2_SID103,Zea_mays,ril,no,LANPT16B328,leaf,Sep082026,A07,2,1,2,1,A,12
PN2_SID104,Zea_mays,ril,no,LANPT16B224,leaf,Sep082026,A08,2,1,1,1,H,10
PN2_SID105,Zea_mays,ril,no,LANPT16B162,leaf,Sep082026,A09,2,1,2,1,B,12
PN2_SID106,Zea_mays,ril,no,LANPT16B020,leaf,Sep082026,A10,2,1,1,1,G,7
PN2_SID107,Zea_mays,nil,no,LANPT16BNIL026,leaf,Sep082026,A11,2,1,2,1,A,16
PN2_SID108,Zea_mays,b73,yes,B73_06,leaf,Sep082026,A12,2,1,1,1,G,5
PN2_SID109,Zea_mays,ril,no,LANPT16B292,leaf,Sep082026,B01,2,1,2,1,D,11
PN2_SID110,Zea_mays,nil,no,LANPT16BNIL096DH,leaf,Sep082026,B02,2,1,2,1,A,5
PN2_SID111,Zea_mays,ril,no,LANPT16B141,leaf,Sep082026,B03,2,1,2,1,C,15
PN2_SID112,Zea_mays,nil,no,LANPT16BNIL004,leaf,Sep082026,B04,2,1,2,1,D,3
PN2_SID113,Zea_mays,nil,no,LANPT16BNIL095DH,leaf,Sep082026,B05,2,1,2,1,A,9
PN2_SID114,Zea_mays,ril,no,LANPT16B339,leaf,Sep082026,B06,2,1,2,1,D,12
PN2_SID115,Zea_mays,ril,no,LANPT16B161,leaf,Sep082026,B07,2,1,1,1,G,6
PN2_SID116,Zea_mays,ril,no,LANPT16B214,leaf,Sep082026,B08,2,1,1,1,G,17
PN2_SID117,Zea_mays,ril,no,LANPT16B354,leaf,Sep082026,B09,2,1,1,1,H,6
PN2_SID118,Zea_mays,ril,no,LANPT16B304,leaf,Sep082026,B10,2,1,2,1,A,10
PN2_SID119,Zea_mays,nil,no,LANPT16BNIL051,leaf,Sep082026,B11,2,1,2,1,B,11
PN2_SID120,Zea_mays,ril,no,LANPT16B150,leaf,Sep082026,B12,2,1,1,1,G,4
PN2_SID121,Zea_mays,ril,no,LANPT16B071,leaf,Sep082026,C01,2,1,2,1,D,6
PN2_SID122,Zea_mays,ril,no,LANPT16B218,leaf,Sep082026,C02,2,1,2,1,D,10
PN2_SID123,Zea_mays,b73,yes,B73_01,leaf,Sep082026,C03,2,1,2,1,A,6
PN2_SID124,Zea_mays,ril,no,LANPT16B091,leaf,Sep082026,C04,2,1,2,1,A,8
PN2_SID125,Zea_mays,nil ,no,LANPT16BNIL001,leaf,Sep082026,C05,2,1,2,1,B,3
PN2_SID126,Zea_mays,b73,yes,B73_05,leaf,Sep082026,C06,2,1,2,1,C,14
PN2_SID127,Zea_mays,ril,no,LANPT16B103,leaf,Sep082026,C07,2,1,1,1,F,17
PN2_SID128,Zea_mays,b73,yes,B73_12,leaf,Sep082026,C08,2,1,1,1,G,13
PN2_SID129,Zea_mays,ril,no,LANPT16B035,leaf,Sep082026,C09,2,1,1,1,H,12
PN2_SID130,Zea_mays,ril,no,LANPT16B251,leaf,Sep082026,C10,2,1,2,1,B,16
PN2_SID131,Zea_mays,ril,no,LANPT16B333,leaf,Sep082026,C11,2,1,2,1,A,17
PN2_SID132,Zea_mays,nil,no,LANPT16BNIL081DH,leaf,Sep082026,C12,2,1,1,1,G,3
PN2_SID133,Zea_mays,ril,no,LANPT16B243,leaf,Sep082026,D01,2,1,2,1,A,4
PN2_SID134,Zea_mays,ril,no,LANPT16B322,leaf,Sep082026,D02,2,1,2,1,A,7
PN2_SID135,Zea_mays,ril,no,LANPT16B248,leaf,Sep082026,D03,2,1,2,1,C,9
PN2_SID136,Zea_mays,ril,no,LANPT16B081,leaf,Sep082026,D04,2,1,2,1,D,2
PN2_SID137,Zea_mays,ril,no,LANPT16B093,leaf,Sep082026,D05,2,1,2,1,C,8
PN2_SID138,Zea_mays,nil,no,LANPT16BNIL098DH,leaf,Sep082026,D06,2,1,2,1,A,2
PN2_SID139,Zea_mays,b73,yes,B73_02,leaf,Sep082026,D07,2,1,1,1,G,1
PN2_SID140,Zea_mays,ril,no,LANPT16B306,leaf,Sep082026,D08,2,1,1,1,G,12
PN2_SID141,Zea_mays,ril,no,LANPT16B029,leaf,Sep082026,D09,2,1,1,1,H,7
PN2_SID142,Zea_mays,ril,no,LANPT16B344,leaf,Sep082026,D10,2,1,2,1,B,17
PN2_SID143,Zea_mays,ril,no,LANPT16B117,leaf,Sep082026,D11,2,1,1,1,H,16
PN2_SID144,Zea_mays,ril,no,LANPT16B102,leaf,Sep082026,D12,2,1,2,1,C,11
PN2_SID145,Zea_mays,ril,no,LANPT16B059,leaf,Sep082026,E01,2,1,2,1,D,13
PN2_SID146,Zea_mays,ril,no,LANPT16B316,leaf,Sep082026,E02,2,1,2,1,B,6
PN2_SID147,Zea_mays,nil,no,LANPT16BNIL054,leaf,Sep082026,E03,2,1,2,1,D,7
PN2_SID148,Zea_mays,ril,no,LANPT16B189,leaf,Sep082026,E04,2,1,2,1,C,6
PN2_SID149,Zea_mays,ril,no,LANPT16B164,leaf,Sep082026,E05,2,1,2,1,B,9
PN2_SID150,Zea_mays,nil,no,LANPT16BNIL099DH,leaf,Sep082026,E06,2,1,1,1,H,5
PN2_SID151,Zea_mays,ril,no,LANPT16B312,leaf,Sep082026,E07,2,1,1,1,H,13
PN2_SID152,Zea_mays,nil,no,LANPT16BNIL013,leaf,Sep082026,E08,2,1,2,1,A,13
PN2_SID153,Zea_mays,ril,no,LANPT16B229,leaf,Sep082026,E09,2,1,2,1,B,15
PN2_SID154,Zea_mays,ril,no,LANPT16B024,leaf,Sep082026,E10,2,1,2,1,B,14
PN2_SID155,Zea_mays,ril,no,LANPT16B047,leaf,Sep082026,E11,2,1,1,1,G,9
PN2_SID156,Zea_mays,ril,no,LANPT16B289,leaf,Sep082026,E12,2,1,1,1,G,8
PN2_SID157,Zea_mays,ril,no,LANPT16B235,leaf,Sep082026,F01,2,1,2,1,B,8
PN2_SID158,Zea_mays,ril,no,LANPT16B350,leaf,Sep082026,F02,2,1,2,1,A,1
PN2_SID159,Zea_mays,ril,no,LANPT16B013,leaf,Sep082026,F03,2,1,2,1,C,3
PN2_SID160,Zea_mays,ril,no,LANPT16B329,leaf,Sep082026,F04,2,1,2,1,A,3
PN2_SID161,Zea_mays,ril,no,LANPT16B167,leaf,Sep082026,F05,2,1,2,1,A,14
PN2_SID162,Zea_mays,nil,no,LANPT16BNIL093DH,leaf,Sep082026,F06,2,1,2,1,B,5
PN2_SID163,Zea_mays,nil,no,LANPT16BNIL025,leaf,Sep082026,F07,2,1,1,1,H,14
PN2_SID164,Zea_mays,ril,no,LANPT16B032,leaf,Sep082026,F08,2,1,1,1,H,9
PN2_SID165,Zea_mays,nil,no,LANPT16BNIL044,leaf,Sep082026,F09,2,1,1,1,H,15
PN2_SID166,Zea_mays,nil,no,LANPT16BNIL064DH,leaf,Sep082026,F10,2,1,2,1,A,15
PN2_SID167,Zea_mays,ril,no,LANPT16B076,leaf,Sep082026,F11,2,1,1,1,H,3
PN2_SID168,Zea_mays,ril,no,LANPT16B193,leaf,Sep082026,F12,2,1,3,2,F,9
PN2_SID169,Zea_mays,ril,no,LANPT16B032,leaf,Sep082026,G01,2,1,2,2,H,7
PN2_SID170,Zea_mays,ril,no,LANPT16B045,leaf,Sep082026,G02,2,1,2,1,D,4
PN2_SID171,Zea_mays,ril,no,LANPT16B333,leaf,Sep082026,G03,2,1,2,1,D,5
PN2_SID172,Zea_mays,b73,yes,B73_03,leaf,Sep082026,G04,2,1,2,1,D,8
PN2_SID173,Zea_mays,ril,no,LANPT16B122,leaf,Sep082026,G05,2,1,2,1,B,1
PN2_SID174,Zea_mays,nil,no,LANPT16BNIL072DH,leaf,Sep082026,G06,2,1,2,1,D,1
PN2_SID175,Zea_mays,ril,no,LANPT16B290,leaf,Sep082026,G07,2,1,2,1,A,11
PN2_SID176,Zea_mays,nil,no,LANPT16BNIL037,leaf,Sep082026,G08,2,1,1,1,H,11
PN2_SID177,Zea_mays,ril,no,LANPT16B067,leaf,Sep082026,G09,2,1,1,1,H,8
PN2_SID178,Zea_mays,ril,no,LANPT16B191,leaf,Sep082026,G10,2,1,2,1,B,10
PN2_SID179,Zea_mays,b73,yes,B73_13,leaf,Sep082026,G11,2,1,1,1,H,17
PN2_SID180,Zea_mays,ril,no,LANPT16B038,leaf,Sep082026,G12,2,1,2,1,C,10
PN2_SID181,Zea_mays,ril,no,LANPT16B217,leaf,Sep082026,H01,2,1,2,1,C,13
PN2_SID182,Zea_mays,nil,no,LANPT16BNIL012,leaf,Sep082026,H02,2,1,2,1,D,9
PN2_SID183,Zea_mays,ril,no,LANPT16B372,leaf,Sep082026,H03,2,1,2,1,C,12
PN2_SID184,Zea_mays,ril,no,LANPT16B050,leaf,Sep082026,H04,2,1,2,1,C,4
PN2_SID185,Zea_mays,b73,yes,B73_02,leaf,Sep082026,H05,2,1,2,1,C,7
PN2_SID186,Zea_mays,ril,no,LANPT16B030,leaf,Sep082026,H06,2,1,2,1,C,1
PN2_SID187,Zea_mays,ril,no,LANPT16B325,leaf,Sep082026,H07,2,1,1,1,G,14
PN2_SID188,Zea_mays,nil,no,LANPT16BNIL085DH,leaf,Sep082026,H08,2,1,1,1,H,4
PN2_SID189,Zea_mays,ril,no,LANPT16B125,leaf,Sep082026,H09,2,1,1,1,G,11
PN2_SID190,Zea_mays,ril,no,LANPT16B136,leaf,Sep082026,H10,2,1,2,1,B,13
PN2_SID191,Zea_mays,ril,no,LANPT16B309,leaf,Sep082026,H11,2,1,1,1,G,16
PN2_SID192,Zea_mays,ril,no,LANPT16B321,leaf,Sep082026,H12,2,1,2,1,B,2
PN3_SID193,Zea_mays,ril,no,LANPT16B319,leaf,Sep082026,A01,3,1,2,1,G,8
PN3_SID194,Zea_mays,ril,no,LANPT16B183,leaf,Sep082026,A02,3,1,2,1,H,9
PN3_SID195,Zea_mays,ril,no,LANPT16B025,leaf,Sep082026,A03,3,1,3,1,B,10
PN3_SID196,Zea_mays,nil,no,LANPT16BNIL011,leaf,Sep082026,A04,3,1,2,1,F,8
PN3_SID197,Zea_mays,ril,no,LANPT16B213,leaf,Sep082026,A05,3,1,3,1,B,5
PN3_SID198,Zea_mays,ril,no,LANPT16B134,leaf,Sep082026,A06,3,1,2,1,F,4
PN3_SID199,Zea_mays,ril,no,LANPT16B339,leaf,Sep082026,A07,3,1,2,1,E,9
PN3_SID200,Zea_mays,ril,no,LANPT16B210,leaf,Sep082026,A08,3,1,2,1,D,16
PN3_SID201,Zea_mays,ril,no,LANPT16B152,leaf,Sep082026,A09,3,1,2,1,E,11
PN3_SID202,Zea_mays,ril,no,LANPT16B218,leaf,Sep082026,A10,3,1,2,1,G,13
PN3_SID203,Zea_mays,ril,no,LANPT16B251,leaf,Sep082026,A11,3,1,2,1,F,15
PN3_SID204,Zea_mays,ril,no,LANPT16B186,leaf,Sep082026,A12,3,1,2,1,E,10
PN3_SID205,Zea_mays,ril,no,LANPT16B115,leaf,Sep082026,B01,3,1,3,1,B,7
PN3_SID206,Zea_mays,ril,no,LANPT16B051,leaf,Sep082026,B02,3,1,3,1,A,1
PN3_SID207,Zea_mays,ril,no,LANPT16B310,leaf,Sep082026,B03,3,1,2,1,G,4
PN3_SID208,Zea_mays,ril,no,LANPT16B355,leaf,Sep082026,B04,3,1,2,1,H,4
PN3_SID209,Zea_mays,ril,no,LANPT16B031,leaf,Sep082026,B05,3,1,3,1,A,16
PN3_SID210,Zea_mays,ril,no,LANPT16B154,leaf,Sep082026,B06,3,1,2,1,F,5
PN3_SID211,Zea_mays,ril,no,LANPT16B084,leaf,Sep082026,B07,3,1,2,1,D,14
PN3_SID212,Zea_mays,ril,no,LANPT16B135,leaf,Sep082026,B08,3,1,2,1,G,10
PN3_SID213,Zea_mays,ril,no,LANPT16B226,leaf,Sep082026,B09,3,1,2,1,H,10
PN3_SID214,Zea_mays,ril,no,LANPT16B080,leaf,Sep082026,B10,3,1,2,1,E,8
PN3_SID215,Zea_mays,ril,no,LANPT16B318,leaf,Sep082026,B11,3,1,2,1,F,14
PN3_SID216,Zea_mays,ril,no,LANPT16B254,leaf,Sep082026,B12,3,1,2,1,F,11
PN3_SID217,Zea_mays,ril,no,LANPT16B311,leaf,Sep082026,C01,3,1,2,1,F,7
PN3_SID218,Zea_mays,ril,no,LANPT16B296,leaf,Sep082026,C02,3,1,2,1,H,2
PN3_SID219,Zea_mays,ril,no,LANPT16B003,leaf,Sep082026,C03,3,1,2,1,G,5
PN3_SID220,Zea_mays,nil,no,LANPT16BNIL083DH,leaf,Sep082026,C04,3,1,3,1,B,4
PN3_SID221,Zea_mays,ril,no,LANPT16B134,leaf,Sep082026,C05,3,1,3,2,H,1
PN3_SID222,Zea_mays,b73,yes,B73_04,leaf,Sep082026,C06,3,1,2,1,G,9
PN3_SID223,Zea_mays,ril,no,LANPT16B358,leaf,Sep082026,C07,3,1,2,1,F,2
PN3_SID224,Zea_mays,ril,no,LANPT16B055,leaf,Sep082026,C08,3,1,2,1,F,13
PN3_SID225,Zea_mays,ril,no,LANPT16B163,leaf,Sep082026,C09,3,1,2,1,D,15
PN3_SID226,Zea_mays,ril,no,LANPT16B299,leaf,Sep082026,C10,3,1,2,1,H,13
PN3_SID227,Zea_mays,ril,no,LANPT16B247,leaf,Sep082026,C11,3,1,2,1,E,2
PN3_SID228,Zea_mays,b73,yes,B73_06,leaf,Sep082026,C12,3,1,2,1,H,15
PN3_SID229,Zea_mays,ril,no,LANPT16B190,leaf,Sep082026,D01,3,1,2,1,H,3
PN3_SID230,Zea_mays,b73,yes,B73_04,leaf,Sep082026,D02,3,1,3,1,A,7
PN3_SID231,Zea_mays,nil,no,LANPT16BNIL042,leaf,Sep082026,D03,3,1,2,1,H,8
PN3_SID232,Zea_mays,nil,no,LANPT16BNIL036,leaf,Sep082026,D04,3,1,3,1,A,3
PN3_SID233,Zea_mays,ril,no,LANPT16B112,leaf,Sep082026,D05,3,1,2,1,G,3
PN3_SID234,Zea_mays,ril,no,LANPT16B208,leaf,Sep082026,D06,3,1,3,1,A,13
PN3_SID235,Zea_mays,ril,no,LANPT16B307,leaf,Sep082026,D07,3,1,2,1,G,11
PN3_SID236,Zea_mays,ril,no,LANPT16B052,leaf,Sep082026,D08,3,1,2,1,E,14
PN3_SID237,Zea_mays,ril,no,LANPT16B165,leaf,Sep082026,D09,3,1,2,1,H,14
PN3_SID238,Zea_mays,ril,no,LANPT16B239,leaf,Sep082026,D10,3,1,2,1,E,16
PN3_SID239,Zea_mays,ril,no,LANPT16B312,leaf,Sep082026,D11,3,1,2,1,G,15
PN3_SID240,Zea_mays,ril,no,LANPT16B002,leaf,Sep082026,D12,3,1,2,1,D,17
PN3_SID241,Zea_mays,ril,no,LANPT16B168,leaf,Sep082026,E01,3,1,3,1,A,5
PN3_SID242,Zea_mays,nil,no,LANPT16BNIL074DH,leaf,Sep082026,E02,3,1,3,1,B,2
PN3_SID243,Zea_mays,nil,no,LANPT16BNIL079DH,leaf,Sep082026,E03,3,1,2,1,H,1
PN3_SID244,Zea_mays,ril,no,LANPT16B309,leaf,Sep082026,E04,3,1,3,1,A,2
PN3_SID245,Zea_mays,ril,no,LANPT16B216,leaf,Sep082026,E05,3,1,3,1,A,10
PN3_SID246,Zea_mays,ril,no,LANPT16B197,leaf,Sep082026,E06,3,1,2,1,H,5
PN3_SID247,Zea_mays,ril,no,LANPT16B040,leaf,Sep082026,E07,3,1,2,1,E,15
PN3_SID248,Zea_mays,ril,no,LANPT16B370,leaf,Sep082026,E08,3,1,2,1,H,16
PN3_SID249,Zea_mays,nil,no,LANPT16BNIL028,leaf,Sep082026,E09,3,1,2,1,E,5
PN3_SID250,Zea_mays,ril,no,LANPT16B363,leaf,Sep082026,E10,3,1,2,1,F,1
PN3_SID251,Zea_mays,ril,no,LANPT16B107,leaf,Sep082026,E11,3,1,2,1,E,13
PN3_SID252,Zea_mays,ril,no,LANPT16B143,leaf,Sep082026,E12,3,1,2,1,G,12
PN3_SID253,Zea_mays,nil,no,LANPT16BNIL094DH,leaf,Sep082026,F01,3,1,2,1,G,6
PN3_SID254,Zea_mays,ril,no,LANPT16B349,leaf,Sep082026,F02,3,1,2,2,B,7
PN3_SID255,Zea_mays,nil,no,LANPT16BNIL070DH,leaf,Sep082026,F03,3,1,3,1,A,12
PN3_SID256,Zea_mays,ril,no,LANPT16B109,leaf,Sep082026,F04,3,1,3,1,B,8
PN3_SID257,Zea_mays,ril,no,LANPT16B226,leaf,Sep082026,F05,3,1,3,1,A,6
PN3_SID258,Zea_mays,ril,no,LANPT16B007,leaf,Sep082026,F06,3,1,2,1,H,7
PN3_SID259,Zea_mays,ril,no,LANPT16B166,leaf,Sep082026,F07,3,1,2,1,F,3
PN3_SID260,Zea_mays,ril,no,LANPT16B157,leaf,Sep082026,F08,3,1,2,1,G,17
PN3_SID261,Zea_mays,ril,no,LANPT16B009,leaf,Sep082026,F09,3,1,2,1,F,10
PN3_SID262,Zea_mays,ril,no,LANPT16B159,leaf,Sep082026,F10,3,1,2,1,E,4
PN3_SID263,Zea_mays,ril,no,LANPT16B092,leaf,Sep082026,F11,3,1,2,1,H,17
PN3_SID264,Zea_mays,ril,no,LANPT16B211,leaf,Sep082026,F12,3,1,2,1,E,3
PN3_SID265,Zea_mays,ril,no,LANPT16B127,leaf,Sep082026,G01,3,1,2,1,F,6
PN3_SID266,Zea_mays,ril,no,LANPT16B370,leaf,Sep082026,G02,3,1,3,1,B,3
PN3_SID267,Zea_mays,ril,no,LANPT16B028,leaf,Sep082026,G03,3,1,1,2,C,7
PN3_SID268,Zea_mays,ril,no,LANPT16B346,leaf,Sep082026,G04,3,1,2,1,G,1
PN3_SID269,Zea_mays,ril,no,LANPT16B121,leaf,Sep082026,G05,3,1,3,1,B,9
PN3_SID270,Zea_mays,b73,yes,B73_08,leaf,Sep082026,G06,3,1,3,1,A,14
PN3_SID271,Zea_mays,ril,no,LANPT16B232,leaf,Sep082026,G07,3,1,2,1,G,16
PN3_SID272,Zea_mays,ril,no,LANPT16B239,leaf,Sep082026,G08,3,1,2,1,G,14
PN3_SID273,Zea_mays,ril,no,LANPT16B108,leaf,Sep082026,G09,3,1,2,1,F,12
PN3_SID274,Zea_mays,ril,no,LANPT16B244,leaf,Sep082026,G10,3,1,2,1,F,17
PN3_SID275,Zea_mays,ril,no,LANPT16B288,leaf,Sep082026,G11,3,1,2,1,F,16
PN3_SID276,Zea_mays,b73,yes,B73_07,leaf,Sep082026,G12,3,1,2,1,E,17
PN3_SID277,Zea_mays,ril,no,LANPT16B037,leaf,Sep082026,H01,3,1,3,2,H,17
PN3_SID278,Zea_mays,ril,no,LANPT16B001,leaf,Sep082026,H02,3,1,2,1,G,7
PN3_SID279,Zea_mays,ril,no,LANPT16B290,leaf,Sep082026,H03,3,1,2,1,G,2
PN3_SID280,Zea_mays,nil,no,LANPT16BNIL014,leaf,Sep082026,H04,3,1,2,1,F,9
PN3_SID281,Zea_mays,ril,no,LANPT16B367,leaf,Sep082026,H05,3,1,3,1,A,11
PN3_SID282,Zea_mays,ril,no,LANPT16B346,leaf,Sep082026,H06,3,1,3,1,A,4
PN3_SID283,Zea_mays,ril,no,LANPT16B318,leaf,Sep082026,H07,3,1,2,1,E,7
PN3_SID284,Zea_mays,ril,no,LANPT16B034,leaf,Sep082026,H08,3,1,2,1,E,6
PN3_SID285,Zea_mays,ril,no,LANPT16B061,leaf,Sep082026,H09,3,1,2,1,H,11
PN3_SID286,Zea_mays,ril,no,LANPT16B311,leaf,Sep082026,H10,3,1,2,1,H,12
PN3_SID287,Zea_mays,nil,no,LANPT16BNIL007,leaf,Sep082026,H11,3,1,2,1,E,12
PN3_SID288,Zea_mays,ril,no,LANPT16B039,leaf,Sep082026,H12,3,1,2,1,E,1
PN4_SID289,Zea_mays,ril,no,LANPT16B317,leaf,Sep082026,A01,4,1,3,1,G,17
PN4_SID290,Zea_mays,b73,yes,B73_05,leaf,Sep082026,A02,4,1,3,1,H,10
PN4_SID291,Zea_mays,nil,no,LANPT16BNIL063DH,leaf,Sep082026,A03,4,1,3,1,C,4
PN4_SID292,Zea_mays,ril,no,LANPT16B095,leaf,Sep082026,A04,4,1,3,1,C,12
PN4_SID293,Zea_mays,ril,no,LANPT16B072,leaf,Sep082026,A05,4,1,3,1,C,14
PN4_SID294,Zea_mays,ril,no,LANPT16B334,leaf,Sep082026,A06,4,1,3,1,C,13
PN4_SID295,Zea_mays,ril,no,LANPT16B106,leaf,Sep082026,A07,4,1,1,2,A,3
PN4_SID296,Zea_mays,ril,no,LANPT16B330,leaf,Sep082026,A08,4,1,2,2,B,11
PN4_SID297,Zea_mays,ril,no,LANPT16B252,leaf,Sep082026,A09,4,1,1,2,A,5
PN4_SID298,Zea_mays,ril,no,LANPT16B158,leaf,Sep082026,A10,4,1,3,1,D,2
PN4_SID299,Zea_mays,ril,no,LANPT16B223,leaf,Sep082026,A11,4,1,2,2,H,8
PN4_SID300,Zea_mays,ril,no,LANPT16B128,leaf,Sep082026,A12,4,1,3,2,E,13
PN4_SID301,Zea_mays,ril,no,LANPT16B329,leaf,Sep082026,B01,4,1,3,1,C,8
PN4_SID302,Zea_mays,ril,no,LANPT16B209,leaf,Sep082026,B02,4,1,3,1,H,14
PN4_SID303,Zea_mays,ril,no,LANPT16B053,leaf,Sep082026,B03,4,1,3,1,G,16
PN4_SID304,Zea_mays,ril,no,LANPT16B244,leaf,Sep082026,B04,4,1,3,1,D,12
PN4_SID305,Zea_mays,ril,no,LANPT16B033,leaf,Sep082026,B05,4,1,3,1,E,12
PN4_SID306,Zea_mays,ril,no,LANPT16B077,leaf,Sep082026,B06,4,1,3,1,B,12
PN4_SID307,Zea_mays,ril,no,LANPT16B129,leaf,Sep082026,B07,4,1,1,2,A,13
PN4_SID308,Zea_mays,ril,no,LANPT16B054,leaf,Sep082026,B08,4,1,3,1,D,1
PN4_SID309,Zea_mays,nil,no,LANPT16BNIL073DH,leaf,Sep082026,B09,4,1,3,1,D,7
PN4_SID310,Zea_mays,ril,no,LANPT16B364,leaf,Sep082026,B10,4,1,3,1,H,1
PN4_SID311,Zea_mays,nil,no,LANPT16BNIL008,leaf,Sep082026,B11,4,1,3,1,G,7
PN4_SID312,Zea_mays,ril,no,LANPT16B372,leaf,Sep082026,B12,4,1,3,2,D,7
PN4_SID313,Zea_mays,ril,no,LANPT16B036,leaf,Sep082026,C01,4,1,3,1,F,16
PN4_SID314,Zea_mays,ril,no,LANPT16B235,leaf,Sep082026,C02,4,1,3,1,H,15
PN4_SID315,Zea_mays,ril,no,LANPT16B325,leaf,Sep082026,C03,4,1,3,1,F,15
PN4_SID316,Zea_mays,ril,no,LANPT16B017,leaf,Sep082026,C04,4,1,3,1,E,14
PN4_SID317,Zea_mays,ril,no,LANPT16B184,leaf,Sep082026,C05,4,1,3,1,G,10
PN4_SID318,Zea_mays,ril,no,LANPT16B208,leaf,Sep082026,C06,4,1,3,1,D,17
PN4_SID319,Zea_mays,ril,no,LANPT16B366,leaf,Sep082026,C07,4,1,3,2,C,11
PN4_SID320,Zea_mays,ril,no,LANPT16B363,leaf,Sep082026,C08,4,1,3,2,G,13
PN4_SID321,Zea_mays,ril,no,LANPT16B187,leaf,Sep082026,C09,4,1,1,2,B,2
PN4_SID322,Zea_mays,b73,yes,B73_02,leaf,Sep082026,C10,4,1,3,1,G,1
PN4_SID323,Zea_mays,ril,no,LANPT16B323,leaf,Sep082026,C11,4,1,3,2,B,2
PN4_SID324,Zea_mays,ril,no,LANPT16B328,leaf,Sep082026,C12,4,1,3,1,E,1
PN4_SID325,Zea_mays,ril,no,LANPT16B206,leaf,Sep082026,D01,4,1,3,1,C,1
PN4_SID326,Zea_mays,ril,no,LANPT16B316,leaf,Sep082026,D02,4,1,3,1,C,6
PN4_SID327,Zea_mays,ril,no,LANPT16B288,leaf,Sep082026,D03,4,1,3,1,G,13
PN4_SID328,Zea_mays,ril,no,LANPT16B297,leaf,Sep082026,D04,4,1,3,1,D,15
PN4_SID329,Zea_mays,ril,no,LANPT16B344,leaf,Sep082026,D05,4,1,3,1,C,16
PN4_SID330,Zea_mays,b73,yes,B73_11,leaf,Sep082026,D06,4,1,3,1,C,17
PN4_SID331,Zea_mays,NA,no,NA,leaf,Sep082026,D07,NA,NA,NA,NA,NA,NA 
PN4_SID332,Zea_mays,ril,no,LANPT16B304,leaf,Sep082026,D08,4,1,3,1,D,9
PN4_SID333,Zea_mays,ril,no,LANPT16B169,leaf,Sep082026,D09,4,1,3,2,B,12
PN4_SID334,Zea_mays,ril,no,LANPT16B155,leaf,Sep082026,D10,4,1,3,1,E,9
PN4_SID335,Zea_mays,ril,no,LANPT16B367,leaf,Sep082026,D11,4,1,3,1,H,8
PN4_SID336,Zea_mays,ril,no,LANPT16B177,leaf,Sep082026,D12,4,1,3,1,F,2
PN4_SID337,Zea_mays,ril,no,LANPT16B320,leaf,Sep082026,E01,4,1,3,1,C,9
PN4_SID338,Zea_mays,ril,no,LANPT16B247,leaf,Sep082026,E02,4,1,3,1,C,7
PN4_SID339,Zea_mays,b73,yes,B73_06,leaf,Sep082026,E03,4,1,3,1,F,11
PN4_SID340,Zea_mays,ril,no,LANPT16B349,leaf,Sep082026,E04,4,1,3,1,C,10
PN4_SID341,Zea_mays,ril,no,LANPT16B018,leaf,Sep082026,E05,4,1,3,1,D,16
PN4_SID342,Zea_mays,ril,no,LANPT16B307,leaf,Sep082026,E06,4,1,3,1,D,11
PN4_SID343,Zea_mays,ril,no,LANPT16B224,leaf,Sep082026,E07,4,1,2,2,F,6
PN4_SID344,Zea_mays,ril,no,LANPT16B062,leaf,Sep082026,E08,4,1,3,2,F,13
PN4_SID345,Zea_mays,ril,no,LANPT16B086,leaf,Sep082026,E09,4,1,1,2,D,4
PN4_SID346,Zea_mays,ril,no,LANPT16B303,leaf,Sep082026,E10,4,1,3,1,G,6
PN4_SID347,Zea_mays,ril,no,LANPT16B308,leaf,Sep082026,E11,4,1,3,1,G,2
PN4_SID348,Zea_mays,ril,no,LANPT16B310,leaf,Sep082026,E12,4,1,2,2,G,15
PN4_SID349,Zea_mays,ril,no,LANPT16B364,leaf,Sep082026,F01,4,1,3,1,C,5
PN4_SID350,Zea_mays,ril,no,LANPT16B256,leaf,Sep082026,F02,4,1,3,1,E,13
PN4_SID351,Zea_mays,ril,no,LANPT16B057,leaf,Sep082026,F03,4,1,3,1,E,11
PN4_SID352,Zea_mays,ril,no,LANPT16B156,leaf,Sep082026,F04,4,1,3,1,E,16
PN4_SID353,Zea_mays,ril,no,LANPT16B308,leaf,Sep082026,F05,4,1,3,1,H,12
PN4_SID354,Zea_mays,b73,yes,B73_09,leaf,Sep082026,F06,4,1,3,1,B,14
PN4_SID355,Zea_mays,nil,no,LANPT16BNIL071DH,leaf,Sep082026,F07,4,1,3,1,E,8
PN4_SID356,Zea_mays,ril,no,LANPT16B097,leaf,Sep082026,F08,4,1,3,1,D,3
PN4_SID357,Zea_mays,ril,no,LANPT16B304,leaf,Sep082026,F09,4,1,3,1,D,8
PN4_SID358,Zea_mays,ril,no,LANPT16B079,leaf,Sep082026,F10,4,1,2,2,D,6
PN4_SID359,Zea_mays,ril,no,LANPT16B229,leaf,Sep082026,F11,4,1,3,2,F,17
PN4_SID360,Zea_mays,nil,no,LANPT16BNIL066DH,leaf,Sep082026,F12,4,1,3,1,D,6
PN4_SID361,Zea_mays,ril,no,LANPT16B140,leaf,Sep082026,G01,4,1,3,1,F,14
PN4_SID362,Zea_mays,ril,no,LANPT16B089,leaf,Sep082026,G02,4,1,3,1,D,13
PN4_SID363,Zea_mays,ril,no,LANPT16B066,leaf,Sep082026,G03,4,1,3,1,H,13
PN4_SID364,Zea_mays,nil,no,LANPT16BNIL075DH,leaf,Sep082026,G04,4,1,3,1,B,17
PN4_SID365,Zea_mays,ril,no,LANPT16B180,leaf,Sep082026,G05,4,1,3,1,H,17
PN4_SID366,Zea_mays,ril,no,LANPT16B222,leaf,Sep082026,G06,4,1,3,1,C,11
PN4_SID367,Zea_mays,ril,no,LANPT16B250,leaf,Sep082026,G07,4,1,3,1,H,7
PN4_SID368,Zea_mays,ril,no,LANPT16B323,leaf,Sep082026,G08,4,1,3,2,H,14
PN4_SID369,Zea_mays,ril,no,LANPT16B332,leaf,Sep082026,G09,4,1,1,2,C,10
PN4_SID370,Zea_mays,ril,no,LANPT16B236,leaf,Sep082026,G10,4,1,2,2,G,16
PN4_SID371,Zea_mays,nil,no,LANPT16BNIL029,leaf,Sep082026,G11,4,1,3,1,F,1
PN4_SID372,Zea_mays,ril,no,LANPT16B252,leaf,Sep082026,G12,4,1,3,1,D,5
PN4_SID373,Zea_mays,ril,no,LANPT16B153,leaf,Sep082026,H01,4,1,3,1,F,17
PN4_SID374,Zea_mays,ril,no,LANPT16B321,leaf,Sep082026,H02,4,1,3,1,G,15
PN4_SID375,Zea_mays,ril,no,LANPT16B043,leaf,Sep082026,H03,4,1,3,1,H,16
PN4_SID376,Zea_mays,ril,no,LANPT16B008,leaf,Sep082026,H04,4,1,3,1,C,15
PN4_SID377,Zea_mays,nil,no,LANPT16BNIL002,leaf,Sep082026,H05,4,1,3,1,B,16
PN4_SID378,Zea_mays,ril,no,LANPT16B019,leaf,Sep082026,H06,4,1,3,1,B,13
PN4_SID379,Zea_mays,ril,no,LANPT16B358,leaf,Sep082026,H07,4,1,3,1,D,4
PN4_SID380,Zea_mays,ril,no,LANPT16B123,leaf,Sep082026,H08,4,1,1,2,H,9
PN4_SID381,Zea_mays,ril,no,LANPT16B220,leaf,Sep082026,H09,4,1,3,1,F,8
PN4_SID382,Zea_mays,ril,no,LANPT16B306,leaf,Sep082026,H10,4,1,3,1,H,6
PN4_SID383,Zea_mays,ril,no,LANPT16B250,leaf,Sep082026,H11,4,1,3,1,F,7
PN4_SID384,Zea_mays,ril,no,LANPT16B016,leaf,Sep082026,H12,4,1,2,2,C,3