sample_id	barcode
PN4_SID289	TACGTTATTCCGAA
PN4_SID290	CTGATATGCAGCGA
PN4_SID291	AACTAGTATCCGGA
PN4_SID292	CATGCTAGCGATCG
PN4_SID293	ATACCGTTGGAGGA
PN4_SID294	TCAGCGTGTCGTCA
PN4_SID295	CATGTGTACTAGCA
PN4_SID296	TCGATCTTCGGCAG
PN4_SID297	AACATGGCACGGAA
PN4_SID298	TATGAGAGCTATGA
PN4_SID299	CTTGATAAGCCAGG
PN4_SID300	ACAAGGTTCCGCCG
PN4_SID301	AACAGGATAACTCC
PN4_SID302	ACAATAGGTGGTCC
PN4_SID303	ACGCAGCGAGCAGA
PN4_SID304	TAAGCAACAGCCGA
PN4_SID305	CTTATATCGTCGGC
PN4_SID306	ATTCCGCTCTGAGG
PN4_SID307	CTCTGGCTTGCAGG
PN4_SID308	CACATCGACAGCAG
PN4_SID309	ATGCTATCTAGACA
PN4_SID310	CAAGGCGTGGTTAC
PN4_SID311	CATGGAACTCCGGC
PN4_SID312	CCACGTTCCGGTAG
PN4_SID313	ACTCAGGCACCTCC
PN4_SID314	AACCATCGCATCCA
PN4_SID315	TCCAAGGCATTAAG
PN4_SID316	ATGTAGGTAATCGG
PN4_SID317	AAGTACTGATCCAA
PN4_SID318	ACCGATGTGCCGGA
PN4_SID319	ACGGCCTTCAACCA
PN4_SID320	AACCTGCTATCCGG
PN4_SID321	ACCAATCCGTATAA
PN4_SID322	ATTATCGGATTCGG
PN4_SID323	TAAGGACCTCATAA
PN4_SID324	ACTTAAGGTCCAAC
PN4_SID325	ACGAGCAGATGCAG
PN4_SID326	CAGTCTAGTGCGCA
PN4_SID327	TATGACTGCATGCG
PN4_SID328	CAGCAGCGCTGACA
PN4_SID329	TACTGACTATCGAG
PN4_SID330	CTAAGGAAGGACCG
PN4_SID332	ATCCGGCGATGACC
PN4_SID333	CTCGTGCCTCAGGA
PN4_SID334	ATCCTAAGTGGAGG
PN4_SID335	TCTGTCTATGCAGC
PN4_SID336	TCCAGAAGGCAACA
PN4_SID337	TTCAATCTCCTTAG
PN4_SID338	CCGCAAGAGGTTGG
PN4_SID339	ACCGGATAACGGAA
PN4_SID340	TATGTACGTAGAGA
PN4_SID341	ATTGCGTCCATTAG
PN4_SID342	TTCTGAGGCGATGG
PN4_SID343	TCGATTGGTAATGG
PN4_SID344	TCCATGTGTCCAGG
PN4_SID345	ATGCAATTACACCG
PN4_SID346	ATACGATGCTGCGC
PN4_SID347	CAACCAACCTATAG
PN4_SID348	CTGCTCATGAGAGA
PN4_SID349	CTCGGTTCGAATGC
PN4_SID350	TAACACCTCCAACG
PN4_SID351	ATAATATTGCCTCC
PN4_SID352	CAGATCGCTCTGCG
PN4_SID353	TTGCTACCATTGAA
PN4_SID354	ACATCTTCTTGAAC
PN4_SID355	TTCATGGTAGAGAG
PN4_SID356	ATCGATGTCATAGC
PN4_SID357	CCTCCATCCATGGA
PN4_SID358	AAGCCTTAGGCCGC
PN4_SID359	CCGGTAGAATGGCC
PN4_SID360	ATGAATGTTGCCAC
PN4_SID361	TACACTATAGCTAG
PN4_SID362	CAGACATGATAGAG
PN4_SID363	TCTTGAACGACTAA
PN4_SID364	TAACCTAACTTCAC
PN4_SID365	AAGCGCACCGGAAC
PN4_SID366	ACAGACGATAGTCA
PN4_SID367	ACGCTCCTAACGGC
PN4_SID368	CTCCGCATGCTTCC
PN4_SID369	ACGGCTCTTAGGCC
PN4_SID370	AATGTGTGGATACC
PN4_SID371	TCCGAAGTTGTAGA
PN4_SID372	CTCTCAAGTCCTCC
PN4_SID373	CAAGTATAAGGAAC
PN4_SID374	AACAACCGAAGTAA
PN4_SID375	TTAACTTACGGTCA
PN4_SID376	CTCCTAACACAGCC
PN4_SID377	ACCAACTTAGACAA
PN4_SID378	ACTATCTGCAGTCG
PN4_SID379	CTCAATTAGAGACC
PN4_SID380	CACGTAGCTAGACG
PN4_SID381	TCCAACTACCGAAC
PN4_SID382	ATGCTGCAACGGCA
PN4_SID383	TCGATGCTATATGA
PN4_SID384	ATTCCAGTTCTTGC
